{"XSZH": [8.5260759, 47.3805277], "XSB": [7.6100843, 47.5568513], "RXBA": [7.6100843, 47.5568513], "RB": [7.6043022, 47.5817508], "RW": [7.6092414, 47.5942222], "RF": [7.842206, 47.9988146], "RO": [7.9476048, 48.4774547], "RAP": [7.9749, 48.5460318], "RBB": [8.1919316, 48.7917413], "RDRM": [8.2736895, 48.9295073], "RK": [8.4013274, 48.9945644], "RGN": [8.4914937, 49.1633352], "RSAB": [8.5047228, 49.206446], "RP": [8.488004, 49.5040905], "RM": [8.4712852, 49.4801735], "FLP": [8.4795755, 49.5990238], "FGE": [8.4909797, 49.83513], "FNI": [8.6380574, 50.0824365], "FF": [8.6647748, 50.1083013], "FMST": [8.5778772, 49.9771756], "FFS": [8.6872959, 50.1007352], "FO": [8.7616912, 50.1004258], "FH  N": [8.925941, 50.141238], "FWFG": [8.9581358, 50.1239286], "FHME": [9.1526382, 50.1910079], "FSA": [9.4446835, 50.3155898], "FFD": [9.577743, 50.4225716], "FFU": [9.6852967, 50.5557322], "FKHM": [9.5825994, 50.9173949], "FKW": [9.4475525, 51.3143233], "HJD": [9.801446, 51.450276], "HG": [9.926885, 51.5379306], "HORX": [9.9764208, 51.792754], "HAL": [9.9516529, 51.6653423], "HSOR": [10.0011887, 51.9201659], "HHML": [9.794577, 52.3176286], "HWU": [9.7894556, 52.3250211], "HH": [9.7421899, 52.3781635], "HC": [10.0631622, 52.6220412], "HU": [10.554567, 52.9708507], "ALBG": [10.4212061, 53.2515821], "AMD": [10.0315113, 53.4253248], "AHAR": [9.9928118, 53.4578275], "AH": [10.0080832, 53.5551951], "ADF": [9.990566, 53.5623797], "AA": [9.9368703, 53.553655], "AK": [10.1333755, 54.3165753], "AN": [9.981539, 54.0776504], "AEL": [9.6600566, 53.7575579], "FGUR": [8.6320334, 50.0929916], "AE  F": [9.9321338, 53.580824], "HN": [9.987542, 51.703913], "HK": [9.9686013, 51.8523274], "FFLF": [8.5711684, 50.0543228], "XSLI": [7.731349, 47.484439], "XSOL": [7.9078154, 47.3587263], "XSBE": [7.4362872, 46.9465382], "XSTH": [7.6198561, 46.7643034], "XSSP": [7.6685112, 46.6902864], "XSI": [7.8526859, 46.6835712], "XSIO": [7.8697498, 46.6916038], "HEBG": [9.9238867, 51.3765244], "FB": [9.7988944, 50.9704259], "FBHF": [9.7171884, 50.8709394], "ALA": [9.9321338, 53.580824], "ABG": [10.2014837, 53.4884286], "ABCH": [10.6203967, 53.4797459], "WL": [11.495235, 53.3367687], "WW": [11.763982, 53.0044774], "BSPD": [13.1992567, 52.5358762], "BL": [13.3709965, 52.5269826], "BPAF": [13.36534, 52.475769], "BLF": [13.2689317, 52.2992783], "LRIK": [12.3575012, 52.601565], "LOE": [10.986323, 52.440873], "HWOB": [10.7891236, 52.4309648], "HGI": [10.5461864, 52.4575836], "HLER": [9.9753419, 52.3786853], "BRGBT": [13.504257, 52.488817], "BBKB": [13.4446553, 52.5921253], "BGS": [13.39021, 52.5506582], "BWDG": [13.3806033, 52.5388204], "BJUE": [13.0564084, 51.99825], "LW": [12.6647565, 51.8694549], "LBT": [12.3172047, 51.6246657], "LDL": [12.3464446, 51.5271953], "LNW S": [12.400045, 51.373924], "LL": [12.3848821, 51.3478289], "LWI": [12.3697677, 51.390784], "UW": [11.9715936, 51.2054707], "UNM": [11.7984583, 51.1643257], "USK": [11.6718254, 51.1034481], "UWM": [11.3278466, 50.9927304], "UE  P": [11.0400637, 50.9740523], "UGO": [10.7141489, 50.9402796], "UEI": [10.3332158, 50.978403], "UGT": [10.0663576, 50.9658287], "HHI": [9.9548532, 52.1618764], "HGGL": [10.4113915, 52.2237334], "HBS": [10.5423481, 52.2536483], "BCHB": [13.3036062, 52.5056781], "BLS": [13.36946, 52.525011], "BHF": [13.4363116, 52.5120603], "BOSGA": [13.4363116, 52.5120603], "FNIS": [8.6667161, 50.054177], "FD": [8.6302557, 49.8736256], "RROL": [8.6180832, 49.1506734], "TV": [8.9587851, 48.9487467], "TSZ": [9.1685004, 48.8294233], "TS": [9.1826896, 48.7850942], "ABLZ": [9.8749834, 53.32575], "AROG": [9.3901924, 53.1137879], "HB": [8.8139995, 53.0854461], "HGA": [8.8770385, 53.0306852], "HO  O": [8.061238, 52.272191], "EMSTP": [7.635895, 51.956892], "EMSTG": [7.54800235, 51.7380537], "EDO": [7.4601097, 51.5192154], "EWIT": [7.3302519, 51.4368593], "EHG": [7.4601787, 51.3629202], "KW": [7.1504544, 51.2557754], "KSO": [7.0047689, 51.1625526], "KKDZ": [6.9752957, 50.9421349], "KK": [6.9594689, 50.9442852], "KB": [7.0978008, 50.7331747], "KRE": [7.2305727, 50.5784284], "KAND": [7.4052056, 50.436117], "KKO": [7.5889227, 50.3516537], "KBOP": [7.5871448, 50.2326238], "FBGK": [7.8851493, 49.9698738], "FMM": [8.2305526, 50.0240035], "FMZ": [8.2596637, 50.0022618], "FMB P": [8.365252, 49.98967], "NMOT": [9.6486815, 50.2983419], "NRB": [9.7116142, 49.9629803], "NWH": [9.936954, 49.8029129], "NF": [10.991214, 49.4707758], "NN": [11.0843093, 49.446677], "NRWD": [11.0843093, 49.446677], "MIN": [11.4341536, 48.7738191], "MIH": [11.4389709, 48.7456841], "MAKN": [11.4993407, 48.4434218], "MH": [11.5597106, 48.1411596], "ABIL": [10.4873959, 53.1427935], "AA  G": [9.867525, 53.323389], "ALAA": [9.930863, 53.579595], "LLMO": [12.396476, 51.3821927], "MP": [11.4625942, 48.1510002], "MA": [10.8871037, 48.3663226], "MGZB": [10.2785763, 48.4603721], "TU": [9.9833297, 48.3999712], "TG": [9.8428194, 48.6212785], "TP": [9.4116021, 48.7143356], "AERI": [10.011163, 53.546346], "RH": [8.67579, 49.4050253], "RWS": [8.6652626, 49.2924578], "LH": [11.9882531, 51.4782479], "UJS": [11.5944146, 50.9372688], "UJP": [11.5851088, 50.9245421], "UO": [11.5446146, 50.7770056], "US": [11.3763584, 50.6523296], "UPR": [11.3772511, 50.5344399], "NLF": [11.0602351, 50.1475446], "NBA": [10.9007841, 49.9018486], "NER": [11.016667, 49.583333], "FHMD": [9.6591133, 51.4137803], "RETL": [8.3888387, 48.9481884], "FK": [9.4906249, 51.3195525], "FW": [8.2434776, 50.0719427], "NAH": [9.1447565, 49.9816929], "FH  S": [8.928022, 50.120028], "FWOR": [8.357058, 49.6359302], "RL": [8.4356974, 49.479189], "HWAM": [9.774828, 52.345932], "MOP": [11.6063599, 48.1283589], "MAFB": [11.558438, 48.135906], "MLR": [11.5105161, 48.1434531], "MDT": [10.7717963, 48.7159065], "MTL": [10.9095431, 48.9613672], "LS": [11.8554021, 52.5963272], "NGM": [9.701431, 50.0508446], "FFO": [8.7093454, 50.1140084], "BGFB": [13.4408468, 52.5417026], "HWUN": [9.4534485, 52.4232835], "HV": [9.2390569, 52.9221497], "HD": [8.6309996, 53.0542552], "HOLD": [8.2234, 53.1461917]}